﻿<Part Name="DynamicTable" ThumbNailUrl="" Details="" Categorie="Extensions" ThumbName="" IsLocked="False" OmitGroup="True" Origin="Account" DesignatedPageType="All">
  <Group ID="b4e71868-348f-4710-8160-702425988392" StyleVariation="1" Width="-1" Height="-1" HorizontalAlignment="Left" VerticalAlignment="Top" BorderColor="" BorderColorizeMode="BaseColor" TextStyleVariation="1" ContentIsHidden="False" HtmlId="" HtmlClass="" LockChildItems="False" LockChildGroups="False" HiddenContentCaption="xyz" IsLocked="UnLocked" SerializedVersion="4" HTMLName="" ShowAsjQueryButton="False" MobileTheme="No" IgnoreHTMLCheckForUnclosedAttributes="False" Orientation="False" IsVisible="True" CSSBorderColor="red" CSSBorderThickness="0" CSSBackColor="" UseCondition="False" Assignment="''" ValueToMatch="" SwitchID="" DisplayMode="ShowAlways">
    <Extension ID="d68b19a5-f68c-4cf2-82bd-a1ece0ed1f4e" Width="-2" HorizontalAlignment="Center" SerializedVersion="1" Orientation="True" IsVisible="True" CSSBorderColor="red" CSSBorderThickness="0" CSSBackColor="" IsStacked="false" AddOverflowHidden="false" RevertRenderingOrder="false" UseCondition="False" Assignment="''" ValueToMatch="" SwitchID="" DisplayMode="ShowAlways" Name="DynamicTable" DisplayName="DynamicTable" SerializedXItemVer="3" IsInputItem="False" DatabaseField="" ImageName="Item_EditableDataTable.png" ImageSource="account" ManualURL="" UseItemSize="false" UseJQueryUI="false" UseTinyMCE="false" OnlyOncePerPage="false" RewriteClass="false" RewriteID="false" DataMode="PlainHtml" HTMLParsingEnabled="False" HasData="false" DataRelationName="" RestrictItems="false" LayoutSupport="MarginAlignment" UseInEMailOnly="False">
      <DocModel Rotation="0" Left="0" Top="0" BorderThickness="0" CornerRadius="0" BorderColor="red" BackColor="" BorderColorSwatchName="" BackColorSwatchName="" PadLeft="0" PadRight="0" PadTop="0" PadBottom="0" Opacity="1" ColumnCount="1" ColumnGap="10" UseCondition="False" SwitchID="" DisplayMode="ShowAlways" VerticalAlignment="Top" PropMode="False" HasGradient="False" LockPosition="False" LockSize="False" LockTextEdit="False" LockImageReplace="False" LockInFront="False" LockInArea="False" LockInAreaLeft="0" LockInAreaTop="0" LockInAreaWidth="0" LockInAreaHeight="0" RestrictToTextStyle="False" AllowMultipleStyles="False" EnableKeepRatio="False" EnableRemove="True" EnableRotate="True" EnableCropping="True" EnableBackgroundColor="False" TextStyleVariation="-1" SelectedTextStyleVariations="" ImageSelector="" ImageCategories="" Class="" LayerID="" ShowImageBrowser="False" EnableImageUpload="False" />
      <ScriptActions>
        <ScriptAction ID="c2aad880-2651-454e-bcfd-be245fc84595" DisplayName="Properties" ScriptName="HtmlWebContentProperties" Description="Editable Table" JSEvent="OnLoad" AvailableJSEvents="1023" Category="" Version="4" OnLoadOnly="false" OnlyOncePerPage="false" NeedsjQueryUI="false" NeedsResponsiveDesign="false" MajorVersion="1" MinorVersion="56" RenderVersion="Current" AllowCreationFromImageConversion="false" UseCrossMediaAPI="True" UseCrossMediaUIHelperAPI="False" KnockoutVersion="None" BootstrapVersion="V3_3_5" AdminOnly="False">
          <ScriptParams>
            <ScriptParam Name="dr" DisplayName="Data Relation" ParamValue="DefaultDatabase" ParamType="DataRelationSelector" IsNeeded="False" IsNone="True" Description="" NeedsEncoding="false" EncodingType="Plain" MaxValue="1,79769313486232E+308" MinValue="-1,79769313486232E+308" ShowInTree="false" Prefix="" Postfix="" IsTranslatable="false" ParamGroupID="6ee72b5d-3c53-80c6-8d3d-5d6491c4d874" ThrowErrorIfNotDefined="false" ImageWidth="0" ImageHeight="0" KeepRatio="True" ForceImageStretch="True" AllowExternalImages="True" Url="http://www.directsmile.com" LinkType="Internal" DatabaseBindingEnabled="False" InternalLink="''" SelectorIsClass="True" />
            <ScriptParam Name="moduleDescription" DisplayName="Module Description" ParamValue="DynamicTable" ParamType="ShortText" IsNeeded="True" IsNone="False" Description="" NeedsEncoding="false" EncodingType="Plain" MaxValue="1,79769313486232E+308" MinValue="-1,79769313486232E+308" ShowInTree="false" Prefix="" Postfix="" IsTranslatable="true" ParamGroupID="6ee72b5d-3c53-80c6-8d3d-5d6491c4d874" ThrowErrorIfNotDefined="false" ImageWidth="0" ImageHeight="0" KeepRatio="True" ForceImageStretch="True" AllowExternalImages="True" Url="http://www.directsmile.com" LinkType="Internal" DatabaseBindingEnabled="False" InternalLink="''" SelectorIsClass="True" />
            <ScriptParam Name="hideCols" DisplayName="Columns to hide" ParamValue="DSM_LeadScore,DSM_LeadScoreSync,LpLogin" ParamType="ShortText" IsNeeded="True" IsNone="False" Description="" NeedsEncoding="false" EncodingType="Plain" MaxValue="1,79769313486232E+308" MinValue="-1,79769313486232E+308" ShowInTree="false" Prefix="" Postfix="" IsTranslatable="true" ParamGroupID="6ee72b5d-3c53-80c6-8d3d-5d6491c4d874" ThrowErrorIfNotDefined="false" ImageWidth="0" ImageHeight="0" KeepRatio="True" ForceImageStretch="True" AllowExternalImages="True" Url="http://www.directsmile.com" LinkType="Internal" DatabaseBindingEnabled="False" InternalLink="''" SelectorIsClass="True" />
            <ScriptParam Name="cursor" DisplayName="Enable cursor navigation" ParamValue="true" ParamType="Checkbox" IsNeeded="True" IsNone="False" Description="" NeedsEncoding="false" EncodingType="Plain" MaxValue="1,79769313486232E+308" MinValue="-1,79769313486232E+308" ShowInTree="false" Prefix="" Postfix="" IsTranslatable="false" ParamGroupID="148392ef-41dc-ea61-3dcc-6bfa02951587" ThrowErrorIfNotDefined="false" ImageWidth="0" ImageHeight="0" KeepRatio="True" ForceImageStretch="True" AllowExternalImages="True" Url="http://www.directsmile.com" LinkType="Internal" DatabaseBindingEnabled="False" InternalLink="''" SelectorIsClass="True" />
            <ScriptParam Name="disableChange" DisplayName="disableFocusout" ParamValue="false" ParamType="Checkbox" IsNeeded="True" IsNone="False" Description="" NeedsEncoding="false" EncodingType="Plain" MaxValue="1,79769313486232E+308" MinValue="-1,79769313486232E+308" ShowInTree="false" Prefix="" Postfix="" IsTranslatable="false" ParamGroupID="64e35343-2789-db96-ce97-5795e5a0b1d6" ThrowErrorIfNotDefined="false" ImageWidth="0" ImageHeight="0" KeepRatio="True" ForceImageStretch="True" AllowExternalImages="True" Url="http://www.directsmile.com" LinkType="Internal" DatabaseBindingEnabled="False" InternalLink="''" SelectorIsClass="True" />
            <ScriptParam Name="cols" DisplayName="Restrict to columns" ParamValue="FirstName" ParamType="ShortText" IsNeeded="True" IsNone="False" Description="When empty, all columns are shown. To show certain columns define a comma seperated string here." NeedsEncoding="false" EncodingType="Plain" MaxValue="1,79769313486232E+308" MinValue="-1,79769313486232E+308" ShowInTree="false" Prefix="" Postfix="" IsTranslatable="true" ParamGroupID="6ee72b5d-3c53-80c6-8d3d-5d6491c4d874" ThrowErrorIfNotDefined="false" ImageWidth="0" ImageHeight="0" KeepRatio="True" ForceImageStretch="True" AllowExternalImages="True" Url="http://www.directsmile.com" LinkType="Internal" DatabaseBindingEnabled="False" InternalLink="''" SelectorIsClass="True" />
            <ScriptParam Name="sort" DisplayName="Order by" ParamValue="" ParamType="ShortText" IsNeeded="True" IsNone="False" Description="" NeedsEncoding="false" EncodingType="Plain" MaxValue="1,79769313486232E+308" MinValue="-1,79769313486232E+308" ShowInTree="false" Prefix="" Postfix="" IsTranslatable="true" ParamGroupID="6ee72b5d-3c53-80c6-8d3d-5d6491c4d874" ThrowErrorIfNotDefined="false" ImageWidth="0" ImageHeight="0" KeepRatio="True" ForceImageStretch="True" AllowExternalImages="True" Url="http://www.directsmile.com" LinkType="Internal" DatabaseBindingEnabled="False" InternalLink="''" SelectorIsClass="True" />
            <ScriptParam Name="PagerAlign" DisplayName="align" ParamValue="center" ParamType="SelectList" IsNeeded="True" IsNone="False" Description="" NeedsEncoding="false" EncodingType="Plain" MaxValue="1,79769313486232E+308" MinValue="1" ShowInTree="false" Prefix="" Postfix="" IsTranslatable="false" ParamGroupID="27649d5c-d88c-1763-28b0-460241063765" ThrowErrorIfNotDefined="false" ImageWidth="0" ImageHeight="0" KeepRatio="True" ForceImageStretch="True" AllowExternalImages="True" Url="http://www.directsmile.com" LinkType="Internal" DatabaseBindingEnabled="False" InternalLink="''" SelectorIsClass="True">
              <ScriptParamValueList IsSingleChoice="true" Prefix="" Postfix="" Delimeter="">
                <ScriptParamValueListItem Displayvalue="left" Value="left" IsSelected="False" />
                <ScriptParamValueListItem Displayvalue="center" Value="center" IsSelected="True" />
                <ScriptParamValueListItem Displayvalue="right" Value="right" IsSelected="False" />
              </ScriptParamValueList>
            </ScriptParam>
            <ScriptParam Name="pagerStyle" DisplayName="Style" ParamValue="1" ParamType="StyleSelector" IsNeeded="True" IsNone="False" Description="" NeedsEncoding="false" EncodingType="Plain" MaxValue="1,79769313486232E+308" MinValue="1" ShowInTree="false" Prefix="" Postfix="" IsTranslatable="false" ParamGroupID="27649d5c-d88c-1763-28b0-460241063765" ThrowErrorIfNotDefined="false" ImageWidth="0" ImageHeight="0" KeepRatio="True" ForceImageStretch="True" AllowExternalImages="True" Url="http://www.directsmile.com" LinkType="Internal" DatabaseBindingEnabled="False" InternalLink="''" SelectorIsClass="True">
              <ScriptParamValueList IsSingleChoice="true" Prefix="" Postfix="" Delimeter="">
                <ScriptParamValueListItem Displayvalue="left" Value="left" IsSelected="False" />
                <ScriptParamValueListItem Displayvalue="center" Value="center" IsSelected="True" />
                <ScriptParamValueListItem Displayvalue="right" Value="right" IsSelected="False" />
              </ScriptParamValueList>
            </ScriptParam>
            <ScriptParam Name="showPagerSelect" DisplayName="Show Select" ParamValue="false" ParamType="Checkbox" IsNeeded="True" IsNone="False" Description="" NeedsEncoding="false" EncodingType="Plain" MaxValue="1,79769313486232E+308" MinValue="1" ShowInTree="false" Prefix="" Postfix="" IsTranslatable="false" ParamGroupID="27649d5c-d88c-1763-28b0-460241063765" ThrowErrorIfNotDefined="false" ImageWidth="0" ImageHeight="0" KeepRatio="True" ForceImageStretch="True" AllowExternalImages="True" Url="http://www.directsmile.com" LinkType="Internal" DatabaseBindingEnabled="False" InternalLink="''" SelectorIsClass="True">
              <ScriptParamValueList IsSingleChoice="true" Prefix="" Postfix="" Delimeter="">
                <ScriptParamValueListItem Displayvalue="left" Value="left" IsSelected="False" />
                <ScriptParamValueListItem Displayvalue="center" Value="center" IsSelected="True" />
                <ScriptParamValueListItem Displayvalue="right" Value="right" IsSelected="False" />
              </ScriptParamValueList>
            </ScriptParam>
            <ScriptParam Name="steps" DisplayName="Records per page steps" ParamValue="10" ParamType="Numeric" IsNeeded="True" IsNone="False" Description="configures the pagers records per page select field steps" NeedsEncoding="false" EncodingType="Plain" MaxValue="1,79769313486232E+308" MinValue="1" ShowInTree="false" Prefix="" Postfix="" IsTranslatable="true" ParamGroupID="27649d5c-d88c-1763-28b0-460241063765" ThrowErrorIfNotDefined="false" ImageWidth="0" ImageHeight="0" KeepRatio="True" ForceImageStretch="True" AllowExternalImages="True" Url="http://www.directsmile.com" LinkType="Internal" DatabaseBindingEnabled="False" InternalLink="''" SelectorIsClass="True" />
            <ScriptParam Name="maxPerPage" DisplayName="Max records per page" ParamValue="200" ParamType="Numeric" IsNeeded="True" IsNone="False" Description="" NeedsEncoding="false" EncodingType="Plain" MaxValue="1,79769313486232E+308" MinValue="1" ShowInTree="false" Prefix="" Postfix="" IsTranslatable="true" ParamGroupID="27649d5c-d88c-1763-28b0-460241063765" ThrowErrorIfNotDefined="false" ImageWidth="0" ImageHeight="0" KeepRatio="True" ForceImageStretch="True" AllowExternalImages="True" Url="http://www.directsmile.com" LinkType="Internal" DatabaseBindingEnabled="False" InternalLink="''" SelectorIsClass="True" />
            <ScriptParam Name="pagerText" DisplayName="Pager text" ParamValue="&lt;div style=&quot;display:inline&quot;&gt;Page {p} of {mp}; Records {x} to {y} from {all}&lt;/div&gt;" ParamType="ShortText" IsNeeded="True" IsNone="False" Description="" NeedsEncoding="false" EncodingType="Plain" MaxValue="1,79769313486232E+308" MinValue="1" ShowInTree="false" Prefix="" Postfix="" IsTranslatable="true" ParamGroupID="27649d5c-d88c-1763-28b0-460241063765" ThrowErrorIfNotDefined="false" ImageWidth="0" ImageHeight="0" KeepRatio="True" ForceImageStretch="True" AllowExternalImages="True" Url="http://www.directsmile.com" LinkType="Internal" DatabaseBindingEnabled="False" InternalLink="''" SelectorIsClass="True" />
            <ScriptParam Name="dec" DisplayName="Decending order" ParamValue="false" ParamType="Checkbox" IsNeeded="True" IsNone="False" Description="" NeedsEncoding="false" EncodingType="Plain" MaxValue="1,79769313486232E+308" MinValue="-1,79769313486232E+308" ShowInTree="false" Prefix="" Postfix="" IsTranslatable="true" ParamGroupID="6ee72b5d-3c53-80c6-8d3d-5d6491c4d874" ThrowErrorIfNotDefined="false" ImageWidth="0" ImageHeight="0" KeepRatio="True" ForceImageStretch="True" AllowExternalImages="True" Url="http://www.directsmile.com" LinkType="Internal" DatabaseBindingEnabled="False" InternalLink="''" SelectorIsClass="True" />
            <ScriptParam Name="filter" DisplayName="Filter" ParamValue="(&lt;|xmediaID|&gt; not equals '0')" ParamType="ShortText" IsNeeded="False" IsNone="False" Description="" NeedsEncoding="false" EncodingType="Plain" MaxValue="1,79769313486232E+308" MinValue="-1,79769313486232E+308" ShowInTree="false" Prefix="" Postfix="" IsTranslatable="true" ParamGroupID="6ee72b5d-3c53-80c6-8d3d-5d6491c4d874" ThrowErrorIfNotDefined="false" ImageWidth="0" ImageHeight="0" KeepRatio="True" ForceImageStretch="True" AllowExternalImages="True" Url="http://www.directsmile.com" LinkType="Internal" DatabaseBindingEnabled="False" InternalLink="''" SelectorIsClass="True" />
            <ScriptParam Name="rpp" DisplayName="Records per page" ParamValue="2" ParamType="Numeric" IsNeeded="True" IsNone="False" Description="" NeedsEncoding="false" EncodingType="Plain" MaxValue="1,79769313486232E+308" MinValue="1" ShowInTree="false" Prefix="" Postfix="" IsTranslatable="true" ParamGroupID="6ee72b5d-3c53-80c6-8d3d-5d6491c4d874" ThrowErrorIfNotDefined="false" ImageWidth="0" ImageHeight="0" KeepRatio="True" ForceImageStretch="True" AllowExternalImages="True" Url="http://www.directsmile.com" LinkType="Internal" DatabaseBindingEnabled="False" InternalLink="''" SelectorIsClass="True" />
            <ScriptParam Name="converter" DisplayName="Show Filter Converter" ParamValue="false" ParamType="Checkbox" IsNeeded="True" IsNone="False" Description="" NeedsEncoding="false" EncodingType="Plain" MaxValue="1,79769313486232E+308" MinValue="-1,79769313486232E+308" ShowInTree="false" Prefix="" Postfix="" IsTranslatable="false" ParamGroupID="64e35343-2789-db96-ce97-5795e5a0b1d6" ThrowErrorIfNotDefined="false" ImageWidth="0" ImageHeight="0" KeepRatio="True" ForceImageStretch="True" AllowExternalImages="True" Url="http://www.directsmile.com" LinkType="Internal" DatabaseBindingEnabled="False" InternalLink="''" SelectorIsClass="True" />
            <ScriptParam Name="first" DisplayName="First button" ParamValue="account/first.png" ParamType="Image" IsNeeded="True" IsNone="False" Description="" NeedsEncoding="false" EncodingType="Plain" MaxValue="1,79769313486232E+308" MinValue="-1,79769313486232E+308" ShowInTree="false" Prefix="" Postfix="" IsTranslatable="false" ParamGroupID="27649d5c-d88c-1763-28b0-460241063765" ThrowErrorIfNotDefined="false" ImageWidth="16" ImageHeight="16" KeepRatio="True" ForceImageStretch="False" AllowExternalImages="True" Url="http://www.directsmile.com" LinkType="Internal" DatabaseBindingEnabled="False" InternalLink="''" SelectorIsClass="True" ImageName="first.png" ImageSource="account" />
            <ScriptParam Name="prev" DisplayName="Previus button" ParamValue="account/prev.png" ParamType="Image" IsNeeded="True" IsNone="False" Description="" NeedsEncoding="false" EncodingType="Plain" MaxValue="1,79769313486232E+308" MinValue="-1,79769313486232E+308" ShowInTree="false" Prefix="" Postfix="" IsTranslatable="false" ParamGroupID="27649d5c-d88c-1763-28b0-460241063765" ThrowErrorIfNotDefined="false" ImageWidth="16" ImageHeight="16" KeepRatio="True" ForceImageStretch="True" AllowExternalImages="True" Url="http://www.directsmile.com" LinkType="Internal" DatabaseBindingEnabled="False" InternalLink="''" SelectorIsClass="True" ImageName="prev.png" ImageSource="account" />
            <ScriptParam Name="next" DisplayName="Next button" ParamValue="account/next.png" ParamType="Image" IsNeeded="True" IsNone="False" Description="" NeedsEncoding="false" EncodingType="Plain" MaxValue="1,79769313486232E+308" MinValue="-1,79769313486232E+308" ShowInTree="false" Prefix="" Postfix="" IsTranslatable="false" ParamGroupID="27649d5c-d88c-1763-28b0-460241063765" ThrowErrorIfNotDefined="false" ImageWidth="16" ImageHeight="16" KeepRatio="True" ForceImageStretch="True" AllowExternalImages="True" Url="http://www.directsmile.com" LinkType="Internal" DatabaseBindingEnabled="False" InternalLink="''" SelectorIsClass="True" ImageName="next.png" ImageSource="account" />
            <ScriptParam Name="last" DisplayName="Last button" ParamValue="account/last.png" ParamType="Image" IsNeeded="True" IsNone="False" Description="" NeedsEncoding="false" EncodingType="Plain" MaxValue="1,79769313486232E+308" MinValue="-1,79769313486232E+308" ShowInTree="false" Prefix="" Postfix="" IsTranslatable="false" ParamGroupID="27649d5c-d88c-1763-28b0-460241063765" ThrowErrorIfNotDefined="false" ImageWidth="16" ImageHeight="16" KeepRatio="True" ForceImageStretch="True" AllowExternalImages="True" Url="http://www.directsmile.com" LinkType="Internal" DatabaseBindingEnabled="False" InternalLink="''" SelectorIsClass="True" ImageName="last.png" ImageSource="account" />
            <ScriptParam Name="List" DisplayName="List Mode" ParamValue="false" ParamType="Checkbox" IsNeeded="True" IsNone="False" Description="" NeedsEncoding="false" EncodingType="Plain" MaxValue="1,79769313486232E+308" MinValue="-1,79769313486232E+308" ShowInTree="false" Prefix="" Postfix="" IsTranslatable="false" ParamGroupID="500d4a57-25c1-907f-dd01-702db8feab60" ThrowErrorIfNotDefined="false" ImageWidth="0" ImageHeight="0" KeepRatio="True" ForceImageStretch="True" AllowExternalImages="True" Url="http://www.directsmile.com" LinkType="Internal" DatabaseBindingEnabled="False" InternalLink="''" SelectorIsClass="True">
              <ScriptParamValueList IsSingleChoice="true" Prefix="" Postfix="" Delimeter="">
                <ScriptParamValueListItem Displayvalue="table" Value="table" IsSelected="False" />
                <ScriptParamValueListItem Displayvalue="list" Value="list" IsSelected="True" />
              </ScriptParamValueList>
            </ScriptParam>
            <ScriptParam Name="sticky" DisplayName="Sticky Header" ParamValue="false" ParamType="Checkbox" IsNeeded="True" IsNone="False" Description="" NeedsEncoding="false" EncodingType="Plain" MaxValue="1,79769313486232E+308" MinValue="-1,79769313486232E+308" ShowInTree="false" Prefix="" Postfix="" IsTranslatable="false" ParamGroupID="500d4a57-25c1-907f-dd01-702db8feab60" ThrowErrorIfNotDefined="false" ImageWidth="0" ImageHeight="0" KeepRatio="True" ForceImageStretch="True" AllowExternalImages="True" Url="http://www.directsmile.com" LinkType="Internal" DatabaseBindingEnabled="False" InternalLink="''" SelectorIsClass="True">
              <ScriptParamValueList IsSingleChoice="true" Prefix="" Postfix="" Delimeter="">
                <ScriptParamValueListItem Displayvalue="table" Value="table" IsSelected="False" />
                <ScriptParamValueListItem Displayvalue="list" Value="list" IsSelected="True" />
              </ScriptParamValueList>
            </ScriptParam>
            <ScriptParam Name="ListLabels" DisplayName="ListLabels" ParamValue="false" ParamType="Checkbox" IsNeeded="True" IsNone="False" Description="" NeedsEncoding="false" EncodingType="Plain" MaxValue="1,79769313486232E+308" MinValue="-1,79769313486232E+308" ShowInTree="false" Prefix="" Postfix="" IsTranslatable="false" ParamGroupID="500d4a57-25c1-907f-dd01-702db8feab60" ThrowErrorIfNotDefined="false" ImageWidth="0" ImageHeight="0" KeepRatio="True" ForceImageStretch="True" AllowExternalImages="True" Url="http://www.directsmile.com" LinkType="Internal" DatabaseBindingEnabled="False" InternalLink="''" SelectorIsClass="True">
              <ScriptParamValueList IsSingleChoice="true" Prefix="" Postfix="" Delimeter="">
                <ScriptParamValueListItem Displayvalue="table" Value="table" IsSelected="False" />
                <ScriptParamValueListItem Displayvalue="list" Value="list" IsSelected="True" />
              </ScriptParamValueList>
            </ScriptParam>
            <ScriptParam Name="fontStyle" DisplayName="Body-Style" ParamValue="1" ParamType="StyleSelector" IsNeeded="True" IsNone="False" Description="" NeedsEncoding="false" EncodingType="Plain" MaxValue="1,79769313486232E+308" MinValue="-1,79769313486232E+308" ShowInTree="false" Prefix="" Postfix="" IsTranslatable="false" ParamGroupID="500d4a57-25c1-907f-dd01-702db8feab60" ThrowErrorIfNotDefined="false" ImageWidth="0" ImageHeight="0" KeepRatio="True" ForceImageStretch="True" AllowExternalImages="True" Url="http://www.directsmile.com" LinkType="Internal" DatabaseBindingEnabled="False" InternalLink="''" SelectorIsClass="True">
              <ScriptParamValueList IsSingleChoice="true" Prefix="" Postfix="" Delimeter="">
                <ScriptParamValueListItem Displayvalue="table" Value="table" IsSelected="False" />
                <ScriptParamValueListItem Displayvalue="list" Value="list" IsSelected="True" />
              </ScriptParamValueList>
            </ScriptParam>
            <ScriptParam Name="headStyle" DisplayName="Head-Style" ParamValue="8" ParamType="StyleSelector" IsNeeded="True" IsNone="False" Description="" NeedsEncoding="false" EncodingType="Plain" MaxValue="1,79769313486232E+308" MinValue="-1,79769313486232E+308" ShowInTree="false" Prefix="" Postfix="" IsTranslatable="false" ParamGroupID="500d4a57-25c1-907f-dd01-702db8feab60" ThrowErrorIfNotDefined="false" ImageWidth="0" ImageHeight="0" KeepRatio="True" ForceImageStretch="True" AllowExternalImages="True" Url="http://www.directsmile.com" LinkType="Internal" DatabaseBindingEnabled="False" InternalLink="''" SelectorIsClass="True">
              <ScriptParamValueList IsSingleChoice="true" Prefix="" Postfix="" Delimeter="">
                <ScriptParamValueListItem Displayvalue="table" Value="table" IsSelected="False" />
                <ScriptParamValueListItem Displayvalue="list" Value="list" IsSelected="True" />
              </ScriptParamValueList>
            </ScriptParam>
            <ScriptParam Name="btStyle" DisplayName="BootstrapSytle" ParamValue="" ParamType="SelectList" IsNeeded="False" IsNone="False" Description="" NeedsEncoding="false" EncodingType="Plain" MaxValue="1,79769313486232E+308" MinValue="-1,79769313486232E+308" ShowInTree="false" Prefix="" Postfix="" IsTranslatable="false" ParamGroupID="500d4a57-25c1-907f-dd01-702db8feab60" ThrowErrorIfNotDefined="false" ImageWidth="0" ImageHeight="0" KeepRatio="True" ForceImageStretch="True" AllowExternalImages="True" Url="http://www.directsmile.com" LinkType="Internal" DatabaseBindingEnabled="False" InternalLink="''" SelectorIsClass="True">
              <ScriptParamValueList IsSingleChoice="true" Prefix="" Postfix="" Delimeter="">
                <ScriptParamValueListItem Displayvalue="none" Value="" IsSelected="True" />
                <ScriptParamValueListItem Displayvalue="table-bordered" Value="table-bordered" IsSelected="False" />
                <ScriptParamValueListItem Displayvalue="table-striped" Value="table-striped" IsSelected="False" />
                <ScriptParamValueListItem Displayvalue="table-hover" Value="table-hover" IsSelected="False" />
                <ScriptParamValueListItem Displayvalue="table-condensed" Value="table-condensed" IsSelected="False" />
                <ScriptParamValueListItem Displayvalue="table-responsive" Value="table-responsive" IsSelected="False" />
              </ScriptParamValueList>
            </ScriptParam>
            <ScriptParam Name="EditData" DisplayName="Editable columns" ParamValue="" ParamType="ShortText" IsNeeded="False" IsNone="False" Description="Leave empty for all, specify comma seperated to enable editing for certain columns. Disable to disable editing at all." NeedsEncoding="false" EncodingType="Plain" MaxValue="1,79769313486232E+308" MinValue="-1,79769313486232E+308" ShowInTree="false" Prefix="" Postfix="" IsTranslatable="false" ParamGroupID="148392ef-41dc-ea61-3dcc-6bfa02951587" ThrowErrorIfNotDefined="false" ImageWidth="0" ImageHeight="0" KeepRatio="True" ForceImageStretch="True" AllowExternalImages="True" Url="http://www.directsmile.com" LinkType="Internal" DatabaseBindingEnabled="False" InternalLink="''" SelectorIsClass="True" />
            <ScriptParam Name="dataTypes" DisplayName="Columns Data Types" ParamValue="customData" ParamType="LongText" IsNeeded="False" IsNone="True" Description="{&quot;ColumnName&quot;:{&quot;type&quot;:&quot;text/select/checkbox&quot;}} take a look at the default custom content script for an example" NeedsEncoding="false" EncodingType="Plain" MaxValue="1,79769313486232E+308" MinValue="-1,79769313486232E+308" ShowInTree="false" Prefix="" Postfix="" IsTranslatable="false" ParamGroupID="148392ef-41dc-ea61-3dcc-6bfa02951587" ThrowErrorIfNotDefined="false" ImageWidth="0" ImageHeight="0" KeepRatio="True" ForceImageStretch="True" AllowExternalImages="True" Url="http://www.directsmile.com" LinkType="Internal" DatabaseBindingEnabled="False" InternalLink="''" SelectorIsClass="True" />
            <ScriptParam Name="SortImage" DisplayName="SortImage" ParamValue="account/dynTableUpDown.png" ParamType="Image" IsNeeded="False" IsNone="True" Description="Enables sorting in column heads" NeedsEncoding="false" EncodingType="Plain" MaxValue="1,79769313486232E+308" MinValue="-1,79769313486232E+308" ShowInTree="false" Prefix="" Postfix="" IsTranslatable="false" ParamGroupID="148392ef-41dc-ea61-3dcc-6bfa02951587" ThrowErrorIfNotDefined="false" ImageWidth="24" ImageHeight="14" KeepRatio="True" ForceImageStretch="False" AllowExternalImages="True" Url="http://www.directsmile.com" LinkType="Internal" DatabaseBindingEnabled="False" InternalLink="''" SelectorIsClass="True" ImageName="dynTableUpDown.png" ImageSource="account" />
            <ScriptParam Name="sim" DisplayName="Bottom right sort image" ParamValue="0px 5px 8px 0px" ParamType="Rectangle" IsNeeded="False" IsNone="False" Description="Position from bottom and right only " NeedsEncoding="false" EncodingType="Plain" MaxValue="1,79769313486232E+308" MinValue="-1,79769313486232E+308" ShowInTree="false" Prefix="" Postfix="" IsTranslatable="false" ParamGroupID="148392ef-41dc-ea61-3dcc-6bfa02951587" ThrowErrorIfNotDefined="false" ImageWidth="0" ImageHeight="0" KeepRatio="True" ForceImageStretch="True" AllowExternalImages="True" Url="http://www.directsmile.com" LinkType="Internal" DatabaseBindingEnabled="False" InternalLink="''" SelectorIsClass="True" />
            <ScriptParam Name="fim" DisplayName="Bottom right filter image" ParamValue="7px 20px 5px 0px" ParamType="Rectangle" IsNeeded="False" IsNone="False" Description="Bootm and right only " NeedsEncoding="false" EncodingType="Plain" MaxValue="1,79769313486232E+308" MinValue="-1,79769313486232E+308" ShowInTree="false" Prefix="" Postfix="" IsTranslatable="false" ParamGroupID="148392ef-41dc-ea61-3dcc-6bfa02951587" ThrowErrorIfNotDefined="false" ImageWidth="0" ImageHeight="0" KeepRatio="True" ForceImageStretch="True" AllowExternalImages="True" Url="http://www.directsmile.com" LinkType="Internal" DatabaseBindingEnabled="False" InternalLink="''" SelectorIsClass="True" />
            <ScriptParam Name="thPadding" DisplayName="TableHeadPadding" ParamValue="5px 40px 5px 5px" ParamType="Rectangle" IsNeeded="False" IsNone="True" Description="" NeedsEncoding="false" EncodingType="Plain" MaxValue="1,79769313486232E+308" MinValue="-1,79769313486232E+308" ShowInTree="false" Prefix="" Postfix="" IsTranslatable="false" ParamGroupID="500d4a57-25c1-907f-dd01-702db8feab60" ThrowErrorIfNotDefined="false" ImageWidth="0" ImageHeight="0" KeepRatio="True" ForceImageStretch="True" AllowExternalImages="True" Url="http://www.directsmile.com" LinkType="Internal" DatabaseBindingEnabled="False" InternalLink="''" SelectorIsClass="True" />
            <ScriptParam Name="tHeadBG" DisplayName="Table Head Background Color" ParamValue="rgb(214, 109, 157)" ParamType="CSSColor" IsNeeded="False" IsNone="True" Description="" NeedsEncoding="false" EncodingType="Plain" MaxValue="1,79769313486232E+308" MinValue="-1,79769313486232E+308" ShowInTree="false" Prefix="" Postfix="" IsTranslatable="false" ParamGroupID="500d4a57-25c1-907f-dd01-702db8feab60" ThrowErrorIfNotDefined="false" ImageWidth="0" ImageHeight="0" KeepRatio="True" ForceImageStretch="True" AllowExternalImages="True" Url="http://www.directsmile.com" LinkType="Internal" DatabaseBindingEnabled="False" InternalLink="''" SelectorIsClass="True" />
            <ScriptParam Name="tdPadding" DisplayName="TableDataPadding" ParamValue="8px 5px 0px 0px" ParamType="Rectangle" IsNeeded="False" IsNone="True" Description="Coimmaseperated list for table cells width style (30%,auto,40px)" NeedsEncoding="false" EncodingType="Plain" MaxValue="1,79769313486232E+308" MinValue="-1,79769313486232E+308" ShowInTree="false" Prefix="" Postfix="" IsTranslatable="false" ParamGroupID="500d4a57-25c1-907f-dd01-702db8feab60" ThrowErrorIfNotDefined="false" ImageWidth="0" ImageHeight="0" KeepRatio="True" ForceImageStretch="True" AllowExternalImages="True" Url="http://www.directsmile.com" LinkType="Internal" DatabaseBindingEnabled="False" InternalLink="''" SelectorIsClass="True" />
            <ScriptParam Name="showSort" DisplayName="Show sort image" ParamValue="false" ParamType="Checkbox" IsNeeded="True" IsNone="False" Description="Displays the sort image if column is in Order by column-list" NeedsEncoding="false" EncodingType="Plain" MaxValue="1,79769313486232E+308" MinValue="-1,79769313486232E+308" ShowInTree="false" Prefix="" Postfix="" IsTranslatable="false" ParamGroupID="500d4a57-25c1-907f-dd01-702db8feab60" ThrowErrorIfNotDefined="false" ImageWidth="0" ImageHeight="0" KeepRatio="True" ForceImageStretch="True" AllowExternalImages="True" Url="http://www.directsmile.com" LinkType="Internal" DatabaseBindingEnabled="False" InternalLink="''" SelectorIsClass="True" />
            <ScriptParam Name="tdStyles" DisplayName="TD Styles" ParamValue="width:160px;" ParamType="ShortText" IsNeeded="False" IsNone="False" Description="" NeedsEncoding="false" EncodingType="Plain" MaxValue="1,79769313486232E+308" MinValue="-1,79769313486232E+308" ShowInTree="false" Prefix="" Postfix="" IsTranslatable="false" ParamGroupID="500d4a57-25c1-907f-dd01-702db8feab60" ThrowErrorIfNotDefined="false" ImageWidth="0" ImageHeight="0" KeepRatio="True" ForceImageStretch="True" AllowExternalImages="True" Url="http://www.directsmile.com" LinkType="Internal" DatabaseBindingEnabled="False" InternalLink="''" SelectorIsClass="True" />
            <ScriptParam Name="loadingImg" DisplayName="Loading image" ParamValue="account/loader.gif" ParamType="Image" IsNeeded="True" IsNone="False" Description="" NeedsEncoding="false" EncodingType="Plain" MaxValue="1,79769313486232E+308" MinValue="-1,79769313486232E+308" ShowInTree="false" Prefix="" Postfix="" IsTranslatable="false" ParamGroupID="500d4a57-25c1-907f-dd01-702db8feab60" ThrowErrorIfNotDefined="false" ImageWidth="16" ImageHeight="16" KeepRatio="True" ForceImageStretch="False" AllowExternalImages="True" Url="http://www.directsmile.com" LinkType="Internal" DatabaseBindingEnabled="False" InternalLink="''" SelectorIsClass="True" ImageName="loader.gif" ImageSource="account" />
            <ScriptParam Name="updateImg" DisplayName="Update image" ParamValue="account/loader.gif" ParamType="Image" IsNeeded="True" IsNone="False" Description="" NeedsEncoding="false" EncodingType="Plain" MaxValue="1,79769313486232E+308" MinValue="-1,79769313486232E+308" ShowInTree="false" Prefix="" Postfix="" IsTranslatable="false" ParamGroupID="500d4a57-25c1-907f-dd01-702db8feab60" ThrowErrorIfNotDefined="false" ImageWidth="16" ImageHeight="16" KeepRatio="True" ForceImageStretch="True" AllowExternalImages="True" Url="http://www.directsmile.com" LinkType="Internal" DatabaseBindingEnabled="False" InternalLink="''" SelectorIsClass="True" ImageName="loader.gif" ImageSource="account" />
            <ScriptParam Name="filterImg" DisplayName="Filter image" ParamValue="account/filter_disabled.png" ParamType="Image" IsNeeded="False" IsNone="False" Description="" NeedsEncoding="false" EncodingType="Plain" MaxValue="1,79769313486232E+308" MinValue="-1,79769313486232E+308" ShowInTree="false" Prefix="" Postfix="" IsTranslatable="false" ParamGroupID="148392ef-41dc-ea61-3dcc-6bfa02951587" ThrowErrorIfNotDefined="false" ImageWidth="13" ImageHeight="13" KeepRatio="True" ForceImageStretch="False" AllowExternalImages="True" Url="http://www.directsmile.com" LinkType="Internal" DatabaseBindingEnabled="False" InternalLink="''" SelectorIsClass="True" ImageName="filter_disabled.png" ImageSource="account" />
            <ScriptParam Name="disableSubmit" DisplayName="No Submit on Enter" ParamValue="true" ParamType="Checkbox" IsNeeded="True" IsNone="False" Description="" NeedsEncoding="false" EncodingType="Plain" MaxValue="1,79769313486232E+308" MinValue="-1,79769313486232E+308" ShowInTree="false" Prefix="" Postfix="" IsTranslatable="false" ParamGroupID="148392ef-41dc-ea61-3dcc-6bfa02951587" ThrowErrorIfNotDefined="false" ImageWidth="0" ImageHeight="0" KeepRatio="True" ForceImageStretch="True" AllowExternalImages="True" Url="http://www.directsmile.com" LinkType="Internal" DatabaseBindingEnabled="False" InternalLink="''" SelectorIsClass="True" />
            <ScriptParam Name="mode" DisplayName="Mode" ParamValue="data" ParamType="SelectList" IsNeeded="True" IsNone="False" Description="" NeedsEncoding="false" EncodingType="Plain" MaxValue="1,79769313486232E+308" MinValue="-1,79769313486232E+308" ShowInTree="false" Prefix="" Postfix="" IsTranslatable="true" ParamGroupID="6ee72b5d-3c53-80c6-8d3d-5d6491c4d874" ThrowErrorIfNotDefined="false" ImageWidth="0" ImageHeight="0" KeepRatio="True" ForceImageStretch="True" AllowExternalImages="True" Url="http://www.directsmile.com" LinkType="Internal" DatabaseBindingEnabled="False" InternalLink="''" SelectorIsClass="True">
              <ScriptParamValueList IsSingleChoice="true" Prefix="" Postfix="" Delimeter="">
                <ScriptParamValueListItem Displayvalue="Data" Value="data" IsSelected="True" />
                <ScriptParamValueListItem Displayvalue="distinct" Value="distinct" IsSelected="False" />
              </ScriptParamValueList>
            </ScriptParam>
            <ScriptParam Name="transCols" DisplayName="Translate column names" ParamValue="FirstName:Vorname" ParamType="ShortText" IsNeeded="True" IsNone="False" Description="" NeedsEncoding="false" EncodingType="Plain" MaxValue="1,79769313486232E+308" MinValue="-1,79769313486232E+308" ShowInTree="false" Prefix="" Postfix="" IsTranslatable="true" ParamGroupID="6ee72b5d-3c53-80c6-8d3d-5d6491c4d874" ThrowErrorIfNotDefined="false" ImageWidth="0" ImageHeight="0" KeepRatio="True" ForceImageStretch="True" AllowExternalImages="True" Url="http://www.directsmile.com" LinkType="Internal" DatabaseBindingEnabled="False" InternalLink="''" SelectorIsClass="True" />
            <ScriptParam Name="successFail" DisplayName="successFail" ParamValue="function(result){alert(&quot;session expired&quot;);window.location.href=window.location.href}" ParamType="ShortText" IsNeeded="False" IsNone="True" Description="JS function will be executed when the Web API response is an error." NeedsEncoding="false" EncodingType="Plain" MaxValue="1,79769313486232E+308" MinValue="-1,79769313486232E+308" ShowInTree="false" Prefix="" Postfix="" IsTranslatable="true" ParamGroupID="148392ef-41dc-ea61-3dcc-6bfa02951587" ThrowErrorIfNotDefined="false" ImageWidth="0" ImageHeight="0" KeepRatio="True" ForceImageStretch="True" AllowExternalImages="True" Url="http://www.directsmile.com" LinkType="Internal" DatabaseBindingEnabled="False" InternalLink="''" SelectorIsClass="True" />
            <ScriptParam Name="onInteraction" DisplayName="onInteraction" ParamValue="function(){alert(&quot;increase session time&quot;)}" ParamType="ShortText" IsNeeded="False" IsNone="True" Description="js function that will be executed after successfull ajax requests." NeedsEncoding="false" EncodingType="Plain" MaxValue="1,79769313486232E+308" MinValue="-1,79769313486232E+308" ShowInTree="false" Prefix="" Postfix="" IsTranslatable="true" ParamGroupID="148392ef-41dc-ea61-3dcc-6bfa02951587" ThrowErrorIfNotDefined="false" ImageWidth="0" ImageHeight="0" KeepRatio="True" ForceImageStretch="True" AllowExternalImages="True" Url="http://www.directsmile.com" LinkType="Internal" DatabaseBindingEnabled="False" InternalLink="''" SelectorIsClass="True" />
            <ScriptParam Name="callback" DisplayName="callback" ParamValue="initGetPromos" ParamType="ShortText" IsNeeded="False" IsNone="True" Description="" NeedsEncoding="false" EncodingType="Plain" MaxValue="1,79769313486232E+308" MinValue="-1,79769313486232E+308" ShowInTree="false" Prefix="" Postfix="" IsTranslatable="false" ParamGroupID="148392ef-41dc-ea61-3dcc-6bfa02951587" ThrowErrorIfNotDefined="false" ImageWidth="0" ImageHeight="0" KeepRatio="True" ForceImageStretch="True" AllowExternalImages="True" Url="http://www.directsmile.com" LinkType="Internal" DatabaseBindingEnabled="False" InternalLink="''" SelectorIsClass="True" />
            <ScriptParam Name="activeRecord" DisplayName="activeRecord" ParamValue="rgba(255, 233, 118, 0.87)" ParamType="CSSColor" IsNeeded="False" IsNone="False" Description="" NeedsEncoding="false" EncodingType="Plain" MaxValue="1,79769313486232E+308" MinValue="-1,79769313486232E+308" ShowInTree="false" Prefix="" Postfix="" IsTranslatable="false" ParamGroupID="500d4a57-25c1-907f-dd01-702db8feab60" ThrowErrorIfNotDefined="false" ImageWidth="-1" ImageHeight="-1" KeepRatio="True" ForceImageStretch="True" AllowExternalImages="True" Url="http://www.directsmile.com" LinkType="Internal" DatabaseBindingEnabled="False" InternalLink="''" SelectorIsClass="True" />
            <ScriptParam Name="multilineCols" DisplayName="Multiline Columns" ParamValue="Phone" ParamType="ShortText" IsNeeded="True" IsNone="False" Description="" NeedsEncoding="false" EncodingType="Plain" MaxValue="1,79769313486232E+308" MinValue="-1,79769313486232E+308" ShowInTree="false" Prefix="" Postfix="" IsTranslatable="false" ParamGroupID="148392ef-41dc-ea61-3dcc-6bfa02951587" ThrowErrorIfNotDefined="false" ImageWidth="-1" ImageHeight="-1" KeepRatio="True" ForceImageStretch="True" AllowExternalImages="True" Url="http://www.directsmile.com" LinkType="Internal" DatabaseBindingEnabled="False" InternalLink="''" SelectorIsClass="True" />
            <ScriptParam Name="sumRow" DisplayName="sumRow" ParamValue="Sum" ParamType="ShortText" IsNeeded="False" IsNone="True" Description="" NeedsEncoding="false" EncodingType="Plain" MaxValue="1,79769313486232E+308" MinValue="-1,79769313486232E+308" ShowInTree="false" Prefix="" Postfix="" IsTranslatable="false" ParamGroupID="6ee72b5d-3c53-80c6-8d3d-5d6491c4d874" ThrowErrorIfNotDefined="false" ImageWidth="-1" ImageHeight="-1" KeepRatio="True" ForceImageStretch="True" AllowExternalImages="True" Url="http://www.directsmile.com" LinkType="Internal" DatabaseBindingEnabled="False" InternalLink="''" SelectorIsClass="True" />
            <ScriptParam Name="customEvent" DisplayName="customEvent" ParamValue="myEventName" ParamType="ShortText" IsNeeded="False" IsNone="True" Description="deactivate autostart and load table on this event" NeedsEncoding="false" EncodingType="Plain" MaxValue="1,79769313486232E+308" MinValue="-1,79769313486232E+308" ShowInTree="false" Prefix="" Postfix="" IsTranslatable="false" ParamGroupID="148392ef-41dc-ea61-3dcc-6bfa02951587" ThrowErrorIfNotDefined="false" ImageWidth="-1" ImageHeight="-1" KeepRatio="True" ForceImageStretch="True" AllowExternalImages="True" Url="http://www.directsmile.com" LinkType="Internal" DatabaseBindingEnabled="False" InternalLink="''" SelectorIsClass="True" />
            <ScriptParam Name="paramsFilter" DisplayName="Url Param Filter" ParamValue="urlParams" ParamType="ShortText" IsNeeded="False" IsNone="False" Description="requires url params object" NeedsEncoding="false" EncodingType="Plain" MaxValue="1,79769313486232E+308" MinValue="-1,79769313486232E+308" ShowInTree="false" Prefix="" Postfix="" IsTranslatable="false" ParamGroupID="148392ef-41dc-ea61-3dcc-6bfa02951587" ThrowErrorIfNotDefined="false" ImageWidth="-1" ImageHeight="-1" KeepRatio="True" ForceImageStretch="True" AllowExternalImages="True" Url="http://www.directsmile.com" LinkType="Internal" DatabaseBindingEnabled="False" InternalLink="''" SelectorIsClass="True" />
          </ScriptParams>
          <ScriptTemplates>
            <ScriptTemplate ID="fb37c0d5-1537-4dc5-af1f-7fdc3a7e2939" ScriptType="PlainJS" ScriptPosition="EndOfPage" Name="plain">
              <Template><![CDATA[var initDyn{{ItemName}} = function(){
	//custom content
	var cc = {};
	if($("#{{ItemName}}childs textarea.customContent").length > 0){
		try{
			var cstJSON = $("#{{ItemName}}childs textarea.customContent").val().split(' heiopei=').join(' href=');
			var customContent = JSON.parse(cstJSON) || {};
			$.extend( cc, customContent );
		}
		catch(er){
			console.log(er);
		}
	}else if($("#{{ItemName}}childs div.customContent").length > 0){
		/*
			<div class="customContent">
			<div data-pos="0" data-label="">
				<div class="btn-group" ><button data-action="delete" data-confirm="service löschen?" class="btn btn-danger" >x</button></div>
			</div>
			<div data-pos="top" data-label="">
				<div class="btn-group" style="margin-bottom:20px;"><button data-params="" class="btn btn-default" data-action="add" data-title="new record" data-width="400" data-btn-caption="Create" data-success="addCallback">new record</button></div>
			</div>
		</div>
		*/
		$("#{{ItemName}}childs div.customContent").find("[data-pos]").each(function(){
			var pos = $(this).attr('data-pos');
			/*var thisHTM = $(this).html();
			thisHTM = thisHTM.split("&lt;\|").join('<\|');
			thisHTM = thisHTM.split("\|&gt;").join('\|>');
			$(this).html(thisHTM);*/
			if(pos !== 'top'){
				cc[pos] = {col:$(this).attr("data-label"),td:$(this).html().split(' heiopei=').join(' href=')};
			}else{
				cc[pos] =$(this).html().split(' heiopei=').join(' href=');
			}
			
		});
		//console.log(cc);

	}
	var activeRecord;
	if(window.location.search.indexOf('{{dr}}_id') !== -1){
		activeRecord = Number('[[{{dr}}.xmediaID]]');
	}
	var dynOptions = {
		maxPerPage: {{maxPerPage}},
		rpp: {{rpp}},
		activeRecord: activeRecord,
		cols: "{{cols}}".split(","),
		sortCols: "{{sort}}".split(","),
		pText: '{{pagerText}}',
		trans: "{{transCols}}".split(","),
		content: cc,
		dec: {{dec}},
		tableID:"{{ItemName}}",
		query: {
			mode: "{{mode}}",
			{{IF filter}}filter: "{{filter}}",
			{{IF !filter}}filter: null,
			columns: "{{cols}}".split(",")
		},
		hideCols: "{{hideCols}}".split(","),
		multilineCols: "{{multilineCols}}".split(",")[0] !== ''?"{{multilineCols}}".split(","):[]
		{{IF tdStyles}},tdStyles: "{{tdStyles}}".split(",")
		{{IF showSort}},showSort: true
		{{IF pager}},pager:true, pagerSelector: "#pager{{ItemName}}", psteps: {{steps}}
		{{IF EditData}},editData: "{{EditData}}".split(",")
		{{IF dataTypes}},dataTypes: {{dataTypes}}
		{{IF !EditData}},editData: false
		{{IF !cursor}},cursor: false
		{{IF !SortImage}},sort: false
		{{IF dr}},dataRelationName: "{{dr}}"
		{{IF !filterImg}},filter:false
		{{IF !List}},mode:"table"
		{{IF List}},mode:"list"
		{{IF ListLabels}},listLabels:true
		{{IF disableChange}},disableChange: true
		{{IF successFail}},successFail:{{successFail}}
		{{IF onInteraction}},onInteraction:{{onInteraction}}
		{{IF callback}},callback:{{callback}}
		{{IF sticky}},sticky: true
		{{IF !sticky}},sticky: false
		{{IF sumRow}},sumRow: '{{sumRow}}'.split(',')
	};
	
	//url parmas filter
	if(urlParams !== undefined){
		var pFilter = [];
		for(var p in urlParams){
			if(dynOptions.cols.indexOf(p) !== -1){
				pFilter.push({
					fcol:p,
					fop:'Contains',
					fs:urlParams[p]
				});
			}
		}
		if(pFilter.length > 0){
			dynOptions.oFilter = dynOptions.query.filter;
			dynOptions.query.filter = dsmxapi.createFilter(pFilter,dynOptions.query.filter);			
		}
	}
	

	//{{IF pageDefault}}$.fn.dynTable.settings = $.extend($().dynTable.settings,dynOptions);

	{{IF !List}}$("#editTable{{ItemName}}").dynTable(
	{{IF List}}$("#editList{{ItemName}}").dynTable(
		dynOptions
	);

	//debug
	{{IF converter}}$("#filterIN{{ItemName}}").on('change keyup paste', function() {
	{{IF converter}}	var f = $("#filterIN{{ItemName}}").val().replace(/\]\]/g,"|>").replace(/\[\[/g,"<|").replace(/{{dr}}\./g,'');
	{{IF converter}}	$("#filterOUT{{ItemName}}").val(f);
	{{IF converter}}});



	//NoSubmit on enter
	{{IF disableSubmit}} (function ($) { 
	{{IF disableSubmit}}    $.fn.submitOnEnter = function (target) {
	{{IF disableSubmit}}        return this.each(function () {});
	{{IF disableSubmit}}    };
	{{IF disableSubmit}}  })(jQuery);

};]]></Template>
            </ScriptTemplate>
            <ScriptTemplate ID="b8211499-702d-4813-b047-e3ea566c0df0" ScriptType="OnLoad" ScriptPosition="EndOfPage" Name="onLoad">
              <Template><![CDATA[try{
	
	
	var customEvent = false;
	{{IF customEvent}}customEvent = true;	
	if(customEvent){
		$(document).on("{{customEvent}}", function(){
			initDyn{{ItemName}}();
		});
	}else{
		initDyn{{ItemName}}();
	}
			

}
catch(er){
	console.log(er);
}

]]></Template>
            </ScriptTemplate>
          </ScriptTemplates>
          <ParameterGroups>
            <ScriptParamGroup DisplayName="DR" GroupName="DR" Description="" ID="6ee72b5d-3c53-80c6-8d3d-5d6491c4d874" IsOptional="false" IsEnabled="true" />
            <ScriptParamGroup DisplayName="Design" GroupName="Design" Description="" ID="500d4a57-25c1-907f-dd01-702db8feab60" IsOptional="false" IsEnabled="true" />
            <ScriptParamGroup DisplayName="pager" GroupName="pager" Description="" ID="27649d5c-d88c-1763-28b0-460241063765" IsOptional="true" IsEnabled="true" />
            <ScriptParamGroup DisplayName="Settings" GroupName="Settings" Description="" ID="148392ef-41dc-ea61-3dcc-6bfa02951587" IsOptional="false" IsEnabled="true" />
            <ScriptParamGroup DisplayName="debug" GroupName="debug" Description="" ID="64e35343-2789-db96-ce97-5795e5a0b1d6" IsOptional="false" IsEnabled="true" />
          </ParameterGroups>
        </ScriptAction>
      </ScriptActions>
      <Extension ID="88006d75-a65f-4964-9d2f-4d165ca631e2" HorizontalAlignment="Center" SerializedVersion="1" Orientation="True" IsVisible="False" CSSBorderColor="red" CSSBorderThickness="0" CSSBackColor="" IsStacked="false" AddOverflowHidden="false" RevertRenderingOrder="false" UseCondition="False" Assignment="''" ValueToMatch="" SwitchID="" DisplayMode="ShowAlways" Name="dynTableChildContent" DisplayName="Dynamic Table Custom Content" SerializedXItemVer="3" IsInputItem="False" DatabaseField="" ImageName="" ImageSource="Unknown" ManualURL="" UseItemSize="false" UseJQueryUI="false" UseTinyMCE="false" OnlyOncePerPage="false" RewriteClass="false" RewriteID="false" DataMode="PlainHtml" HTMLParsingEnabled="True" HasData="false" DataRelationName="" RestrictItems="false" LayoutSupport="MarginAlignment" UseInEMailOnly="False">
        <DocModel Rotation="0" Left="0" Top="0" BorderThickness="0" CornerRadius="0" BorderColor="red" BackColor="" BorderColorSwatchName="" BackColorSwatchName="" PadLeft="0" PadRight="0" PadTop="0" PadBottom="0" Opacity="1" ColumnCount="1" ColumnGap="10" UseCondition="False" SwitchID="" DisplayMode="ShowAlways" VerticalAlignment="Top" PropMode="False" HasGradient="False" LockPosition="False" LockSize="False" LockTextEdit="False" LockImageReplace="False" LockInFront="False" LockInArea="False" LockInAreaLeft="0" LockInAreaTop="0" LockInAreaWidth="0" LockInAreaHeight="0" RestrictToTextStyle="False" AllowMultipleStyles="False" EnableKeepRatio="False" EnableRemove="True" EnableRotate="True" EnableCropping="True" EnableBackgroundColor="False" TextStyleVariation="-1" SelectedTextStyleVariations="" ImageSelector="" ImageCategories="" Class="" LayerID="" ShowImageBrowser="False" EnableImageUpload="False" />
        <ScriptActions>
          <ScriptAction ID="990a7007-7230-4904-bd5a-d8c93540a188" DisplayName="Properties" ScriptName="HtmlWebContentProperties" Description="DynTableChildContent" JSEvent="OnLoad" AvailableJSEvents="1023" Category="" Version="4" OnLoadOnly="false" OnlyOncePerPage="false" NeedsjQueryUI="false" NeedsResponsiveDesign="false" MajorVersion="1" MinorVersion="0" RenderVersion="Current" AllowCreationFromImageConversion="false" UseCrossMediaAPI="False" UseCrossMediaUIHelperAPI="False" KnockoutVersion="None" BootstrapVersion="None" AdminOnly="False">
            <ScriptParams>
              <ScriptParam Name="dr" DisplayName="dr" ParamValue="DefaultDatabase" ParamType="DataRelationSelector" IsNeeded="True" IsNone="False" Description="" NeedsEncoding="false" EncodingType="Plain" MaxValue="1,79769313486232E+308" MinValue="-1,79769313486232E+308" ShowInTree="false" Prefix="" Postfix="" IsTranslatable="false" ParamGroupID="" ThrowErrorIfNotDefined="false" ImageWidth="-1" ImageHeight="-1" KeepRatio="True" ForceImageStretch="True" AllowExternalImages="True" Url="http://www.directsmile.com" LinkType="Internal" DatabaseBindingEnabled="False" InternalLink="''" SelectorIsClass="True" />
            </ScriptParams>
            <ScriptTemplates>
              <ScriptTemplate ID="05ab9e70-f23f-4870-b7ab-141a45617fcd" ScriptType="PlainJS" ScriptPosition="EndOfPage" Name="Script">
                <Template><![CDATA[/*

Example functions

function customCallback(el,record,tableID){
	console.log("record created");
	console.log(el);
	console.log(record);
	console.log(tableID);
}
var customData = {	
	Lastname:{
		type:"select",
		values:[
			{
				value: "Male",
				text: "Male"
			},
			{
				value: "Female",
				text:"Female"
			}
		]
	},
	Firstname:{
		type:"checkbox"
	}
};

//customEvent trigger
$("body").click(function(){
	$("body").off('click');
	$(document).trigger("myEventName");
});

*/

]]></Template>
              </ScriptTemplate>
            </ScriptTemplates>
          </ScriptAction>
        </ScriptActions>
        <HTMLItem>
          <Text ID="6da43dc5-d1c4-4118-93b7-d81f7857ca54" TextStyleVariation="0" SerializedVersion="7" Text="&lt;div class=&quot;customContent&quot;&gt;&#xD;&#xA;&#x9;&lt;div data-pos=&quot;0&quot; data-label=&quot;&quot;&gt;&lt;select data-confirm=&quot;dsmx btn click?&quot; data-change=&quot;dsmx-btn&quot; data-btn-class=&quot;dsmx-btn&quot;&gt;&lt;option&gt;&lt;/option&gt;&lt;option&gt;test&lt;/option&gt;&lt;/select&gt;&lt;div class=&quot;btn-group&quot; &gt;&lt;button data-action=&quot;delete&quot; data-confirm=&quot;Delete this record?&quot; class=&quot;btn btn-danger&quot; &gt;x&lt;/button&gt;&lt;a heiopei=&quot;[[RootURL]][[CampaignName]]@[[PageName]]/[[LpLogin]]?{{dr}}_id=&lt;|xmediaID|&gt;&amp;FirstName=&lt;|xmediaID|&gt;&quot; class=&quot;btn btn-default&quot;&gt;Select&lt;/a&gt;&lt;/div&gt;&lt;/div&gt;&#xD;&#xA;&#x9;&lt;div data-pos=&quot;top&quot; data-label=&quot;&quot;&gt;&lt;div class=&quot;btn-group&quot; style=&quot;margin-bottom:20px;&quot;&gt;&lt;button data-params=&quot;&quot; class=&quot;btn btn-default&quot; data-action=&quot;add&quot; data-title=&quot;new record&quot; data-width=&quot;400&quot; data-btn-caption=&quot;Create&quot;&gt;new record&lt;/button&gt;&lt;/div&gt;&lt;/div&gt;&#xD;&#xA;&lt;/div&gt;" IsHtmlText="True" XAML="&lt;Section xml:space=&quot;preserve&quot; HasTrailingParagraphBreakOnPaste=&quot;False&quot; xmlns=&quot;http://schemas.microsoft.com/winfx/2006/xaml/presentation&quot;&gt;&#xD;&#xA;  &lt;Paragraph&gt;&#xD;&#xA;    &lt;Run Text=&quot;Lorem ipsum dolor sit amet, consetetur sadipscing elitr, sed diam nonumy eirmod tempor invidunt ut labore et dolore magna aliquyam erat, sed diam voluptua. At vero eos et accusam et justo duo dolores et ea rebum. Stet clita kasd gubergren, no sea takimata sanctus est Lorem ipsum dolor sit amet. Lorem ipsum dolor sit amet, consetetur sadipscing elitr, sed diam nonumy eirmod tempor invidunt ut labore et dolore magna aliquyam erat, sed diam voluptua.&quot; /&gt;&#xD;&#xA;  &lt;/Paragraph&gt;&#xD;&#xA;&lt;/Section&gt;" RichHtml="Lorem ipsum dolor sit amet, consetetur sadipscing elitr, sed diam nonumy eirmod tempor invidunt ut labore et dolore magna aliquyam erat, sed diam voluptua. At vero eos et accusam et justo duo dolores et ea rebum. Stet clita kasd gubergren, no sea takimata sanctus est Lorem ipsum dolor sit amet. Lorem ipsum dolor sit amet, consetetur sadipscing elitr, sed diam nonumy eirmod tempor invidunt ut labore et dolore magna aliquyam erat, sed diam voluptua." FitText="True">
            <DocModel Rotation="0" Left="0" Top="0" BorderThickness="0" CornerRadius="0" BorderColor="red" BackColor="" BorderColorSwatchName="" BackColorSwatchName="" PadLeft="0" PadRight="0" PadTop="0" PadBottom="0" Opacity="1" ColumnCount="1" ColumnGap="10" UseCondition="False" SwitchID="" DisplayMode="ShowAlways" VerticalAlignment="Top" PropMode="False" HasGradient="False" LockPosition="False" LockSize="False" LockTextEdit="False" LockImageReplace="False" LockInFront="False" LockInArea="False" LockInAreaLeft="0" LockInAreaTop="0" LockInAreaWidth="0" LockInAreaHeight="0" RestrictToTextStyle="False" AllowMultipleStyles="False" EnableKeepRatio="False" EnableRemove="True" EnableRotate="True" EnableCropping="True" EnableBackgroundColor="False" TextStyleVariation="-1" SelectedTextStyleVariations="" ImageSelector="" ImageCategories="" Class="" LayerID="" ShowImageBrowser="False" EnableImageUpload="False" />
          </Text>
        </HTMLItem>
        <Header />
        <WebContent><![CDATA[<div class="customContent">
	<div data-pos="0" data-label=""><select data-confirm="dsmx btn click?" data-change="dsmx-btn" data-btn-class="dsmx-btn"><option></option><option>test</option></select><div class="btn-group" ><button data-action="delete" data-confirm="Delete this record?" class="btn btn-danger" >x</button><a heiopei="[[RootURL]][[CampaignName]]@[[PageName]]/[[LpLogin]]?{{dr}}_id=<|xmediaID|>&FirstName=<|xmediaID|>" class="btn btn-default">Select</a></div></div>
	<div data-pos="top" data-label=""><div class="btn-group" style="margin-bottom:20px;"><button data-params="" class="btn btn-default" data-action="add" data-title="new record" data-width="400" data-btn-caption="Create">new record</button></div></div>
</div>]]></WebContent>
        <CSSContent><![CDATA[.indexcol{
cursor:pointer;
}
.customContent{
	display:none;
}]]></CSSContent>
      </Extension>
      <HTMLItem>
        <Text ID="a606c7d4-63c9-41c1-8a34-4ac27ab7b749" TextStyleVariation="0" SerializedVersion="7" Text="&lt;div class=&quot;loading&quot; id=&quot;editTable{{ItemName}}Wrapper&quot; &gt;&#xA;&#x9;{{IF !List}}&lt;table &#xA;&#x9;{{IF !List}}{{IF btStyle}}class=&quot;table {{btStyle}}&quot;&#xA;&#x9;{{IF !List}}id=&quot;editTable{{ItemName}}&quot; data-item-name=&quot;{{ItemName}}&quot;&gt;&#xA;&#x9;{{IF !List}}&lt;/table&gt;&#xA;&#x9;{{IF List}}&lt;div id=&quot;editList{{ItemName}}&quot;  data-item-name=&quot;{{ItemName}}&quot;&gt;&lt;/div&gt;&#xA;&lt;/div&gt;&#xA;{{IF pager}}&lt;div id=&quot;pager{{ItemName}}&quot; class=&quot;pager&quot;&gt;&#xA;{{IF pager}}&#x9;&lt;img src=&quot;{{first}}&quot; class=&quot;first&quot;&gt;&#xA;{{IF pager}}&#x9;&lt;img src=&quot;{{prev}}&quot; class=&quot;prev&quot;&gt;&#xA;{{IF pager}}&#x9;&lt;span class=&quot;pageDisplay&quot;&gt;&lt;/span&gt;&#xA;{{IF pager}}&#x9;&lt;img src=&quot;{{next}}&quot; class=&quot;next&quot;&gt;&#xA;{{IF pager}}&#x9;&lt;img src=&quot;{{last}}&quot; class=&quot;last&quot;&gt;&#xA;{{IF pager}}&#x9;&lt;select class=&quot;pageSize&quot;&#xA;{{IF pager}}{{IF !showPagerSelect}}style=&quot;display:none;&quot;&#xA;{{IF pager}}&gt;&#xA;{{IF pager}}&#x9;&lt;/select&gt;&#xA;{{IF pager}}&lt;/div&gt;&#xA;{{IF converter}}&lt;textarea id=&quot;filterIN{{ItemName}}&quot;&gt;&lt;/textarea&gt;&#xA;{{IF converter}}&lt;textarea id=&quot;filterOUT{{ItemName}}&quot;&gt;&lt;/textarea&gt;&#xA;&lt;div id=&quot;{{ItemName}}childs&quot; &gt;&#xA;{{child_content}}&#xA;&lt;/div&gt;" IsHtmlText="True" XAML="&lt;Section xml:space=&quot;preserve&quot; HasTrailingParagraphBreakOnPaste=&quot;False&quot; xmlns=&quot;http://schemas.microsoft.com/winfx/2006/xaml/presentation&quot;&gt;&#xD;&#xA;  &lt;Paragraph&gt;&#xD;&#xA;    &lt;Run Text=&quot;Lorem ipsum dolor sit amet, consetetur sadipscing elitr, sed diam nonumy eirmod tempor invidunt ut labore et dolore magna aliquyam erat, sed diam voluptua. At vero eos et accusam et justo duo dolores et ea rebum. Stet clita kasd gubergren, no sea takimata sanctus est Lorem ipsum dolor sit amet. Lorem ipsum dolor sit amet, consetetur sadipscing elitr, sed diam nonumy eirmod tempor invidunt ut labore et dolore magna aliquyam erat, sed diam voluptua.&quot; /&gt;&#xD;&#xA;  &lt;/Paragraph&gt;&#xD;&#xA;&lt;/Section&gt;" RichHtml="Lorem ipsum dolor sit amet, consetetur sadipscing elitr, sed diam nonumy eirmod tempor invidunt ut labore et dolore magna aliquyam erat, sed diam voluptua. At vero eos et accusam et justo duo dolores et ea rebum. Stet clita kasd gubergren, no sea takimata sanctus est Lorem ipsum dolor sit amet. Lorem ipsum dolor sit amet, consetetur sadipscing elitr, sed diam nonumy eirmod tempor invidunt ut labore et dolore magna aliquyam erat, sed diam voluptua." FitText="True">
          <DocModel Rotation="0" Left="0" Top="0" BorderThickness="0" CornerRadius="0" BorderColor="red" BackColor="" BorderColorSwatchName="" BackColorSwatchName="" PadLeft="0" PadRight="0" PadTop="0" PadBottom="0" Opacity="1" ColumnCount="1" ColumnGap="10" UseCondition="False" SwitchID="" DisplayMode="ShowAlways" VerticalAlignment="Top" PropMode="False" HasGradient="False" LockPosition="False" LockSize="False" LockTextEdit="False" LockImageReplace="False" LockInFront="False" LockInArea="False" LockInAreaLeft="0" LockInAreaTop="0" LockInAreaWidth="0" LockInAreaHeight="0" RestrictToTextStyle="False" AllowMultipleStyles="False" EnableKeepRatio="False" EnableRemove="True" EnableRotate="True" EnableCropping="True" EnableBackgroundColor="False" TextStyleVariation="-1" SelectedTextStyleVariations="" ImageSelector="" ImageCategories="" Class="" LayerID="" ShowImageBrowser="False" EnableImageUpload="False" />
        </Text>
      </HTMLItem>
      <ContentItems>
        <FileGroupInformation CaptionBase64="ZHNteER5blRhYmxlLmpz" GroupName="DynTable" FileHash="72CF79B33ABD3F7A449E7B29D9FF39E64F79F80A" Filesize="15034" IsSelected="true" ImageWidth="0" ImageHeight="0" LastWriteUtc="01/01/0001 00:00:00" IsMultiImage="false" LastImage="0" Source="_Account" ImageConversionProgress="100" ImageConversionMessage="Nothing to Convert" LastProgress="11/29/2017 12:14:49" Resource="_Content" HasTimeout="False">
          <Pages />
          <Resourceinfo DPIx="0" DPIy="0" PixelBased="False" HasMask="False" HasProfile="False" CoordType="Pixel" />
        </FileGroupInformation>
        <FileGroupInformation CaptionBase64="ZHNteGFwaS5qcw==" GroupName="DynamicTable" FileHash="356AE08EB2EEA0A7F92FC006D4B11C06D65CCA51" Filesize="2943" IsSelected="false" ImageWidth="0" ImageHeight="0" LastWriteUtc="01/01/0001 00:00:00" IsMultiImage="false" LastImage="0" Source="_Account" ImageConversionProgress="100" ImageConversionMessage="Nothing to Convert" LastProgress="01/12/2018 08:58:55" Resource="_Content" HasTimeout="False">
          <Pages />
          <Resourceinfo DPIx="0" DPIy="0" PixelBased="False" HasMask="False" HasProfile="False" CoordType="Pixel" />
        </FileGroupInformation>
      </ContentItems>
      <Header />
      <WebContent><![CDATA[<div class="loading" id="editTable{{ItemName}}Wrapper" >
	{{IF !List}}<table 
	{{IF !List}}{{IF btStyle}}class="table {{btStyle}}"
	{{IF !List}}id="editTable{{ItemName}}" data-item-name="{{ItemName}}">
	{{IF !List}}</table>
	{{IF List}}<div id="editList{{ItemName}}"  data-item-name="{{ItemName}}"></div>
</div>
{{IF pager}}<div id="pager{{ItemName}}" class="pager">
{{IF pager}}	<img src="{{first}}" class="first">
{{IF pager}}	<img src="{{prev}}" class="prev">
{{IF pager}}	<span class="pageDisplay"></span>
{{IF pager}}	<img src="{{next}}" class="next">
{{IF pager}}	<img src="{{last}}" class="last">
{{IF pager}}	<select class="pageSize"
{{IF pager}}{{IF !showPagerSelect}}style="display:none;"
{{IF pager}}>
{{IF pager}}	</select>
{{IF pager}}</div>
{{IF converter}}<textarea id="filterIN{{ItemName}}"></textarea>
{{IF converter}}<textarea id="filterOUT{{ItemName}}"></textarea>
<div id="{{ItemName}}childs" >
{{child_content}}
</div>]]></WebContent>
      <CSSContent><![CDATA[#editTable{{ItemName}} td.updating,.loading{
	background-image:url('{{updateImg}}');
	background-repeat: no-repeat;
	background-position: center;
}
#editTable{{ItemName}} td, #editList{{ItemName}} div{
	{{fontStyle}};
	/*white-space:pre;*/
}
	#editTable{{ItemName}} td.multiline,  #editList{{ItemName}} div.multiline{
	white-space:pre;
}
{{IF activeRecord}}#editTable{{ItemName}} tr.activeRecord, #editList{{ItemName}} div.activeRecord{
{{IF activeRecord}}	background-color:{{activeRecord}};
{{IF activeRecord}}}
#editTable{{ItemName}} th{
	{{IF tHeadBG}}background-color: {{tHeadBG}};
	{{headStyle}}
}
.loading{
	background-image:url('{{loadingImg}}');
	margin: 0 auto;
	display:block;
	height: {{loadingImg.Height}}px;
}
{{IF tdPadding}}#editTable{{ItemName}} td{
	{{IF tdPadding}}padding: {{tdPadding}};
{{IF tdPadding}}}
#editTable{{ItemName}} th{
	text-align: left;
	position: relative;
	{{IF thPadding}}padding: {{thPadding}};
}
#editTable{{ItemName}} th div.filter{
	background-image: url('{{filterImg}}');
	background-repeat: no-repeat;
	display:block;
	position:absolute;
	right: {{fim.Right}}px;
	bottom: {{fim.Bottom}}px;
	width: {{filterImg.Width}}px;
	height: {{filterImg.Height}}px;
	cursor: pointer;
}
#editTable{{ItemName}} th div.sort{
	background-image: url('{{SortImage}}');
	background-repeat: no-repeat;
	display:block;
	position:absolute;
	cursor: pointer;
	right: {{sim.Right}}px;
	bottom: {{sim.Bottom}}px;
	width: {{SortImage.Width / 2}}px;
	height: {{SortImage.Height / 2}}px;
	background-position: -{{SortImage.Width}}px -{{SortImage.Height}}px;
}
#editTable{{ItemName}} th[data-dec='false'] div.sort{
	background-position: 0px -{{SortImage.Height / 2}}px;
}
#editTable{{ItemName}} th[data-dec='true'] div.sort{
	background-position: -{{SortImage.Width /2}}px -{{SortImage.Height / 2}}px;
}

#editTable{{ItemName}} th:hover div.sort{
	background-position: 0 0;
}

#editTable{{ItemName}} th[data-dec='false']:hover div.sort{
	background-position: -{{SortImage.Width /2}}px 0px;
}

#editTable{{ItemName}} tbody td input{
	width:100%;
}
#pager{{ItemName}} img{
	cursor: pointer;
}
#pager{{ItemName}}{
	text-align: {{PagerAlign}};
	{{pagerStyle}}
}
/*li.list-group-item div{
display: inline-block;
}*/
li.uneven{
	background-color:#F8F8F8;
}
#{{ItemName}}childs{
	display:none;
}]]></CSSContent>
      <ExtensionItems>
        <ExtensionImage FileName="'first.png'" ImageSource="account" />
        <ExtensionImage FileName="'prev.png'" ImageSource="account" />
        <ExtensionImage FileName="'next.png'" ImageSource="account" />
        <ExtensionImage FileName="'last.png'" ImageSource="account" />
        <ExtensionImage FileName="'dynTableUpDown.png'" ImageSource="account" />
        <ExtensionImage FileName="'loader.gif'" ImageSource="account" />
        <ExtensionImage FileName="'loader.gif'" ImageSource="account" />
        <ExtensionImage FileName="'filter_disabled.png'" ImageSource="account" />
        <ExtensionImage FileName="'Item_EditableDataTable.png'" ImageSource="account" />
      </ExtensionItems>
    </Extension>
  </Group>
</Part>